variable,chi2,df,p_value
Temperature (°C),30.97337909933152,19,0.04064518998262053
Salinity (ppt),3.1871504260122903,19,0.9999823612124376
