variable,chi2,df,p_value
Temperature (°C),3.9315925054038434,4,0.4153429536677345
Salinity (ppt),0.5146338903827804,4,0.9720608212076948
