variable,W,p
Temperature (°C),0.9574159691397194,4.894997915029083e-9
Salinity (ppt),0.9694938174929866,6.113775262209214e-8
