Species,treatment_name,n,mean,sd,se
LARA,Soil,10,0.0076818863394,0.005975175361508775,0.0018895163561287718
LARA,Crushed glass,10,-0.0046250632676,0.001814016363190318,5.736423420496632e-4
LARA,25% SG,6,0.00101948489,0.005120194275413218,0.0020903105597803043
LARA,75% SG,10,-1.6174502243999998e-4,0.003964263337612786,0.001253610139155745
RHMA,Soil,10,0.108798566642,0.0219753770386053,0.00694922438829587
RHMA,Crushed glass,10,0.083292867285,0.027105034995022714,0.008571364664284245
RHMA,25% SG,10,0.055940986178,0.014089585455908363,0.004455518132825232
RHMA,75% SG,10,0.07125936719,0.025300129010426053,0.008000603276904822
RHMA,100% Sargassum (SG),10,0.07661284103,0.024937655911512355,0.007885979218594144
