Species,contrast,estimate,SE,df,t.ratio,p.value
LARA,1:3 CG to SG - Soil,-1.6056693022249,0.12823494017840414,887.6422965032865,-12.521308934920908,6.616929226765933e-14
LARA,3:1 CG to SG - Soil,-1.8380805158658537,0.09424945209852545,808.0634923515001,-19.502293911951675,1.1035616864774056e-13
LARA,Crushed glass (CG) - Soil,-1.8945352865664695,0.09683918314458077,825.411491423809,-19.56372642815389,0
LARA,Sargassum only (SG) - Soil,-1.9062093324492473,0.14032003107298371,847.1226879589759,-13.58472712607784,0
RHMA,1:3 CG to SG - Soil,-0.7409999153555978,0.13680104757562506,1714.5922606575891,-5.41662456894539,2.769383787848412e-7
RHMA,3:1 CG to SG - Soil,-0.7873309852972393,0.1264456305277708,1691.4734079662153,-6.2266365552609635,2.3990561759390516e-9
RHMA,Crushed glass (CG) - Soil,-1.0461904761911287,0.125970972512599,1689.22785506826,-8.305012300246343,1.5982770662503754e-12
RHMA,Sargassum only (SG) - Soil,-0.9651155889297,0.13054653432352623,1702.9749221076897,-7.392885563226884,2.8598234891319407e-12
