Species,contrast,time_period,estimate,SE,df,t.ratio,p.value
LARA,Crushed glass (CG) - Soil,6,-11.345956171379777,0.5628726270017792,609.6998593005077,-20.157235628628133,2.7584468043073684e-10
LARA,3:1 CG to SG - Soil,6,-11.332226713987692,0.5452250040713085,587.9422673007466,-20.784495629084503,3.73543196374726e-10
LARA,1:3 CG to SG - Soil,6,-10.565881632828166,0.7400744618320769,805.2885685927489,-14.276781834454878,0
LARA,Sargassum only (SG) - Soil,6,-11.490821676695216,0.7812887425150028,884.2143631413321,-14.707522393968913,4.184430579812215e-13
RHMA,Crushed glass (CG) - Soil,6,-6.214285714282336,1.0307377142234473,386.47208044070493,-6.028968988453234,1.540480942807676e-8
RHMA,3:1 CG to SG - Soil,6,-7.446327152170127,1.0326928103867585,388.89757416321874,-7.210592615030765,2.9272140267266877e-12
RHMA,1:3 CG to SG - Soil,6,-13.087650005335941,1.064861732475935,433.83932031996386,-12.29046889956834,0
RHMA,Sargassum only (SG) - Soil,6,-5.245715350892714,1.046080728703264,406.76934150378145,-5.014637213893973,3.1670854677701143e-6
